imageUrl,keyTag,notes,timeSpent,multiTag
"./assets/Image/01.jpg","","","",""
"./assets/Image/02.jpg","","","",""
"./assets/Image/03.jpg","","","",""
"./assets/Image/05.jpg","","","",""
"./assets/Image/04.jpg","","","",""
"./assets/Image/06.jpg","","","",""
"./assets/Image/07.jpg","","","",""
"./assets/Image/09.jpg","","","",""
"./assets/Image/08.jpg","","","",""
"./assets/Image/11.jpg","","","",""
"./assets/Image/12.jpg","","","",""
"./assets/Image/10.jpg","","","",""
"./assets/Image/13.jpg","","","",""
"./assets/Image/14.jpg","","","",""
"./assets/Image/15.jpg","","","",""
"./assets/Image/17.jpg","","","",""
"./assets/Image/18.jpg","","","",""
"./assets/Image/16.jpg","","","",""
"./assets/Image/20.jpg","","","",""
"./assets/Image/21.jpg","","","",""
"./assets/Image/19.jpg","","","",""
"./assets/Image/22.jpg","","","",""
"./assets/Image/23.jpg","","","",""
"./assets/Image/24.jpg","","","",""
"./assets/Image/25.jpg","","","",""
"./assets/Image/26.jpg","","","",""
"./assets/Image/28.jpg","","","",""
"./assets/Image/27.jpg","","","",""
"./assets/Image/29.jpg","","","",""
"./assets/Image/31.jpg","","","",""
"./assets/Image/32.jpg","","","",""
"./assets/Image/30.jpg","","","",""
"./assets/Image/33.jpg","","","",""
"./assets/Image/34.jpg","","","",""
"./assets/Image/35.jpg","","","",""
"./assets/Image/36.jpg","","","",""
"./assets/Image/37.jpg","","","",""
"./assets/Image/39.jpg","","","",""
"./assets/Image/38.jpg","","","",""
"./assets/Image/40.jpg","","","",""
"./assets/Image/41.jpg","","","",""
"./assets/Image/42.jpg","","","",""
"./assets/Image/44.jpg","","","",""
"./assets/Image/43.jpg","","","",""
"./assets/Image/45.jpg","","","",""
"./assets/Image/46.jpg","","","",""
"./assets/Image/47.jpg","","","",""
"./assets/Image/48.jpg","","","",""
"./assets/Image/50.jpg","","","",""
"./assets/Image/49.jpg","","","",""
"./assets/Image/51.jpg","","","",""
"./assets/Image/53.jpg","","","",""
"./assets/Image/52.jpg","","","",""
"./assets/Image/54.jpg","","","",""
"./assets/Image/55.jpg","","","",""
"./assets/Image/56.jpg","","","",""
"./assets/Image/60.jpg","","","",""
"./assets/Image/58.jpg","","","",""
"./assets/Image/59.jpg","","","",""
"./assets/Image/57.jpg","","","",""
"./assets/Image/61.jpg","","","",""
"./assets/Image/62.jpg","","","",""
"./assets/Image/64.jpg","","","",""
"./assets/Image/66.jpg","","","",""
"./assets/Image/65.jpg","","","",""
"./assets/Image/63.jpg","","","",""
"./assets/Image/67.jpg","","","",""
"./assets/Image/69.jpg","","","",""
"./assets/Image/68.jpg","","","",""
"./assets/Image/70.jpg","","","",""
"./assets/Image/71.jpg","","","",""
"./assets/Image/72.jpg","","","",""
"./assets/Image/74.jpg","","","",""
"./assets/Image/75.jpg","","","",""
"./assets/Image/73.jpg","","","",""
"./assets/Image/76.jpg","","","",""
"./assets/Image/77.jpg","","","",""
"./assets/Image/78.jpg","","","",""
"./assets/Image/79.jpg","","","",""
"./assets/Image/80.jpg","","","",""
"./assets/Image/81.jpg","","","",""
"./assets/Image/82.jpg","","","",""
"./assets/Image/83.jpg","","","",""
"./assets/Image/84.jpg","","","",""
"./assets/Image/85.jpg","","","",""
"./assets/Image/87.jpg","","","",""
"./assets/Image/86.jpg","","","",""
"./assets/Image/88.jpg","","","",""
"./assets/Image/91.jpg","","","",""
"./assets/Image/89.jpg","","","",""
"./assets/Image/90.jpg","","","",""
"./assets/Image/92.jpg","","","",""
"./assets/Image/93.jpg","","","",""
"./assets/Image/94.jpg","","","",""
"./assets/Image/95.jpg","","","",""
"./assets/Image/96.jpg","","","",""
"./assets/Image/97.jpg","","","",""
"./assets/Image/100.jpg","","","",""
"./assets/Image/98.jpg","","","",""
"./assets/Image/99.jpg","","","",""
"./assets/Image/101.jpg","","","",""
"./assets/Image/102.jpg","","","",""
"./assets/Image/103.jpg","","","",""
"./assets/Image/104.jpg","","","",""
"./assets/Image/105.jpg","","","",""
"./assets/Image/106.jpg","","","",""